number,title,url,current_labels,proposed_labels,current_milestone,proposed_milestone,lane,proposed_status,proposed_action,confidence,evidence_summary,canonical_issue_or_pr,updated_at
2,Documentation Overhaul,https://github.com/revgizmo/engager/issues/2,documentation;priority:low;area:documentation,documentation;priority:low;area:documentation;status:ready,"",Documentation refresh,docs,status:ready,relabel,medium,Current labels: documentation; priority:low; area:documentation | Register lane: docs | Proposed action: relabel | Proposed status: status:ready | Proposed milestone: Documentation refresh,"",2025-08-13T23:16:10Z
4,CRAN Preparation,https://github.com/revgizmo/engager/issues/4,enhancement;priority:high;priority:low;CRAN:submission;area:infrastructure,enhancement;priority:high;CRAN:submission;area:infrastructure;status:ready,"",CRAN external checks,cran,status:ready,keep,high,Current labels: enhancement; priority:high; priority:low; CRAN:submission; area:infrastructure | Register lane: cran | Proposed action: keep | Proposed status: status:ready | Proposed milestone: CRAN external checks | Release-control umbrella kept open until actual CRAN submission or explicit release-owner disposition,"",2025-09-09T03:18:28Z
6,Function Documentation Review,https://github.com/revgizmo/engager/issues/6,documentation;priority:medium;area:documentation,documentation;priority:medium;area:documentation;status:ready,"",Documentation refresh,docs,status:ready,relabel,medium,Current labels: documentation; priority:medium; area:documentation | Register lane: docs | Proposed action: relabel | Proposed status: status:ready | Proposed milestone: Documentation refresh,"",2025-07-29T17:46:25Z
32,Update and complete roxygen2 documentation for all exported functions,https://github.com/revgizmo/engager/issues/32,documentation;priority:medium;area:documentation,documentation;priority:medium;area:documentation;status:ready,"",Documentation refresh,docs,status:ready,relabel,medium,Current labels: documentation; priority:medium; area:documentation | Register lane: docs | Proposed action: relabel | Proposed status: status:ready | Proposed milestone: Documentation refresh,"",2025-07-29T17:47:05Z
36,Cross-reference issues and track progress in AUDIT_LOG.md,https://github.com/revgizmo/engager/issues/36,documentation;priority:low;area:documentation,documentation;priority:low;area:documentation;status:ready,"",Documentation refresh,docs,status:ready,relabel,medium,Current labels: documentation; priority:low; area:documentation | Register lane: docs | Proposed action: relabel | Proposed status: status:ready | Proposed milestone: Documentation refresh,"",2025-07-29T17:48:13Z
39,Optimize GitHub Actions workflow for faster dependency installation,https://github.com/revgizmo/engager/issues/39,enhancement;priority:low;status:blocked;area:infrastructure,enhancement;priority:low;status:blocked;area:infrastructure;performance;area:core,"",0.2.0 product,performance,status:blocked,comment,medium,Current labels: enhancement; priority:low; status:blocked; area:infrastructure | Register lane: performance | Proposed action: comment | Proposed status: status:blocked | Proposed milestone: 0.2.0 product,"",2025-08-16T21:15:04Z
47,Create verification helper script,https://github.com/revgizmo/engager/issues/47,enhancement;priority:medium;area:infrastructure,enhancement;priority:medium;area:infrastructure;status:ready,"",0.1.x stabilization,infrastructure,status:ready,relabel,medium,Current labels: enhancement; priority:medium; area:infrastructure | Register lane: infrastructure | Proposed action: relabel | Proposed status: status:ready | Proposed milestone: 0.1.x stabilization,"",2025-08-13T23:16:08Z
50,Generalize Topic parsing in load_zoom_recorded_sessions_list to only extract section and optionally dept,https://github.com/revgizmo/engager/issues/50,enhancement;priority:medium;area:core,enhancement;priority:medium;area:core;status:ready,"",0.2.0 product,core,status:ready,relabel,medium,Current labels: enhancement; priority:medium; area:core | Register lane: core | Proposed action: relabel | Proposed status: status:ready | Proposed milestone: 0.2.0 product,"",2025-08-13T23:16:44Z
56,Add transcript_file column with intelligent duplicate handling,https://github.com/revgizmo/engager/issues/56,enhancement;priority:high;area:core,enhancement;priority:high;area:core;area:infrastructure;status:ready,"",0.1.x stabilization,infrastructure,status:ready,relabel,medium,Current labels: enhancement; priority:high; area:core | Register lane: infrastructure | Proposed action: relabel | Proposed status: status:ready | Proposed milestone: 0.1.x stabilization,"",2025-08-13T23:16:43Z
85,Review functions for ethical use and equitable participation focus,https://github.com/revgizmo/engager/issues/85,documentation;area:core;ethical,documentation;area:core;ethical;priority:medium;area:documentation;status:ready,"",Documentation refresh,docs,status:ready,relabel,medium,Current labels: documentation; area:core; ethical | Register lane: docs | Proposed action: relabel | Proposed status: status:ready | Proposed milestone: Documentation refresh,"",2025-08-04T22:07:19Z
91,Improve pre-PR validation robustness,https://github.com/revgizmo/engager/issues/91,enhancement;priority:medium,enhancement;priority:medium;area:testing;status:ready,"",0.1.x stabilization,testing,status:ready,relabel,medium,Current labels: enhancement; priority:medium | Register lane: testing | Proposed action: relabel | Proposed status: status:ready | Proposed milestone: 0.1.x stabilization,"",2025-08-13T23:16:06Z
93,Analyze Cursor Bugbot comments and improve local validation,https://github.com/revgizmo/engager/issues/93,enhancement;priority:medium,enhancement;priority:medium;area:testing;status:ready,"",0.1.x stabilization,testing,status:ready,relabel,medium,Current labels: enhancement; priority:medium | Register lane: testing | Proposed action: relabel | Proposed status: status:ready | Proposed milestone: 0.1.x stabilization,"",2025-08-13T23:16:07Z
97,Support multiple Zoom file types: cc.vtt and chat.txt files,https://github.com/revgizmo/engager/issues/97,enhancement;priority:medium;area:core,enhancement;priority:medium;area:core;status:ready,"",0.2.0 product,core,status:ready,relabel,medium,Current labels: enhancement; priority:medium; area:core | Register lane: core | Proposed action: relabel | Proposed status: status:ready | Proposed milestone: 0.2.0 product,"",2025-08-13T23:16:41Z
99,Improve QA testing process and infrastructure,https://github.com/revgizmo/engager/issues/99,enhancement;priority:medium;area:testing;status:blocked,enhancement;priority:medium;area:testing;status:blocked,"",0.1.x stabilization,testing,status:blocked,comment,medium,Current labels: enhancement; priority:medium; area:testing; status:blocked | Register lane: testing | Proposed action: comment | Proposed status: status:blocked | Proposed milestone: 0.1.x stabilization,"",2025-08-16T21:15:15Z
101,Document QA vs Real-World Testing relationship and integration,https://github.com/revgizmo/engager/issues/101,documentation;priority:medium;area:testing,documentation;priority:medium;area:testing;area:documentation;status:ready,"",Documentation refresh,docs,status:ready,relabel,medium,Current labels: documentation; priority:medium; area:testing | Register lane: docs | Proposed action: relabel | Proposed status: status:ready | Proposed milestone: Documentation refresh,"",2025-08-13T23:15:52Z
110,Performance: Vectorized operations for lag functions,https://github.com/revgizmo/engager/issues/110,enhancement;priority:medium;refactor,enhancement;priority:medium;refactor;performance;area:core;status:ready,"",0.2.0 product,performance,status:ready,relabel,medium,Current labels: enhancement; priority:medium; refactor | Register lane: performance | Proposed action: relabel | Proposed status: status:ready | Proposed milestone: 0.2.0 product,"",2025-08-13T23:16:42Z
147,test: wrap intentional warnings in expect_warning() to reduce CI noise,https://github.com/revgizmo/engager/issues/147,"",priority:medium;ci;area:testing;status:needs-triage,"",0.1.x stabilization,testing,status:needs-triage,comment,low,No current labels | Register lane: testing | Proposed action: comment | Proposed status: status:needs-triage | Proposed milestone: 0.1.x stabilization,"",2025-08-13T23:15:56Z
148,"privacy: evaluate masking of additional identifiers (e.g., instructor)",https://github.com/revgizmo/engager/issues/148,"",priority:medium;privacy;area:core;status:needs-triage,"",0.1.x stabilization,privacy,status:needs-triage,comment,low,No current labels | Register lane: privacy | Proposed action: comment | Proposed status: status:needs-triage | Proposed milestone: 0.1.x stabilization,"",2025-08-13T23:16:34Z
153,test: Real-world FERPA compliance validation,https://github.com/revgizmo/engager/issues/153,priority:high;priority:medium;area:testing;FERPA;CRAN-blocker,priority:high;priority:medium;area:testing;privacy;CRAN-blocker;area:infrastructure;status:ready,"",CRAN external checks,cran,status:ready,keep,high,Current labels: priority:high; priority:medium; area:testing; FERPA; CRAN-blocker | Register lane: cran | Proposed action: keep | Proposed status: status:ready | Proposed milestone: CRAN external checks | Plan marks this as an active CRAN gate decision,"",2025-08-25T13:41:57Z
154,docs: Institutional FERPA compliance adoption guide,https://github.com/revgizmo/engager/issues/154,documentation;priority:high;priority:medium;FERPA;CRAN-blocker,documentation;priority:high;priority:medium;privacy;CRAN-blocker;area:infrastructure;status:ready,"",CRAN external checks,cran,status:ready,keep,high,Current labels: documentation; priority:high; priority:medium; FERPA; CRAN-blocker | Register lane: cran | Proposed action: keep | Proposed status: status:ready | Proposed milestone: CRAN external checks | Plan marks this as an active CRAN gate decision,"",2025-08-25T13:59:16Z
168,investigate: Performance threshold for consolidate_transcript test is too strict,https://github.com/revgizmo/engager/issues/168,"",priority:medium;performance;area:core;status:needs-triage,"",0.2.0 product,performance,status:needs-triage,comment,low,No current labels | Register lane: performance | Proposed action: comment | Proposed status: status:needs-triage | Proposed milestone: 0.2.0 product,"",2025-08-13T23:15:57Z
172,HIGH PRIORITY: Review pre-pr-validation and context scripts for quality and performance,https://github.com/revgizmo/engager/issues/172,"",priority:medium;performance;area:core;status:needs-triage,"",0.2.0 product,performance,status:needs-triage,comment,low,No current labels | Register lane: performance | Proposed action: comment | Proposed status: status:needs-triage | Proposed milestone: 0.2.0 product,"",2025-08-13T23:15:54Z
174,Fix README repo and issues links to canonical repository,https://github.com/revgizmo/engager/issues/174,docs;readme;priority: high,documentation;priority:high;area:documentation;status:ready,"",Documentation refresh,docs,status:ready,relabel,medium,Current labels: docs; readme; priority: high | Register lane: docs | Proposed action: relabel | Proposed status: status:ready | Proposed milestone: Documentation refresh,"",2025-08-13T23:16:12Z
175,"Add badges to README (R CMD check, pkgdown, license, lifecycle)",https://github.com/revgizmo/engager/issues/175,docs;readme;pkgdown;priority: high,documentation;priority:high;area:documentation;status:ready,"",Documentation refresh,docs,status:ready,relabel,medium,Current labels: docs; readme; pkgdown; priority: high | Register lane: docs | Proposed action: relabel | Proposed status: status:ready | Proposed milestone: Documentation refresh,"",2025-08-13T23:16:13Z
176,Improve Install section: devtools and pak; add CRAN note,https://github.com/revgizmo/engager/issues/176,docs;readme;priority: high,documentation;priority:high;area:documentation;status:ready,"",Documentation refresh,docs,status:ready,relabel,medium,Current labels: docs; readme; priority: high | Register lane: docs | Proposed action: relabel | Proposed status: status:ready | Proposed milestone: Documentation refresh,"",2025-08-13T23:16:14Z
177,Add 60-second end-to-end quickstart snippet to README,https://github.com/revgizmo/engager/issues/177,docs;readme;priority: high,documentation;priority:high;area:documentation;status:ready,"",Documentation refresh,docs,status:ready,relabel,medium,Current labels: docs; readme; priority: high | Register lane: docs | Proposed action: relabel | Proposed status: status:ready | Proposed milestone: Documentation refresh,"",2025-08-13T23:16:16Z
178,Document supported file types and limitations in README,https://github.com/revgizmo/engager/issues/178,docs;readme;priority: high,documentation;priority:high;area:documentation;status:ready,"",Documentation refresh,docs,status:ready,relabel,medium,Current labels: docs; readme; priority: high | Register lane: docs | Proposed action: relabel | Proposed status: status:ready | Proposed milestone: Documentation refresh,"",2025-08-13T23:16:16Z
179,Add roster requirements to README and link to load_roster(),https://github.com/revgizmo/engager/issues/179,docs;readme;priority: high,documentation;priority:high;area:documentation;status:ready,"",Documentation refresh,docs,status:ready,relabel,medium,Current labels: docs; readme; priority: high | Register lane: docs | Proposed action: relabel | Proposed status: status:ready | Proposed milestone: Documentation refresh,"",2025-08-13T23:16:17Z
180,Create Troubleshooting & FAQ vignette,https://github.com/revgizmo/engager/issues/180,docs;vignettes;faq;priority: medium,documentation;priority:medium;area:documentation;status:ready,"",Documentation refresh,docs,status:ready,relabel,medium,Current labels: docs; vignettes; faq; priority: medium | Register lane: docs | Proposed action: relabel | Proposed status: status:ready | Proposed milestone: Documentation refresh,"",2025-08-13T23:16:19Z
181,Organize pkgdown reference groups and navbar,https://github.com/revgizmo/engager/issues/181,docs;pkgdown;priority: medium,documentation;priority:medium;area:documentation;status:ready,"",Documentation refresh,docs,status:ready,relabel,medium,Current labels: docs; pkgdown; priority: medium | Register lane: docs | Proposed action: relabel | Proposed status: status:ready | Proposed milestone: Documentation refresh,"",2025-08-13T23:16:19Z
182,Document input validation and error behavior for key functions,https://github.com/revgizmo/engager/issues/182,docs;reference;priority: high,documentation;priority:high;area:documentation;status:ready,"",Documentation refresh,docs,status:ready,relabel,medium,Current labels: docs; reference; priority: high | Register lane: docs | Proposed action: relabel | Proposed status: status:ready | Proposed milestone: Documentation refresh,"",2025-08-13T22:36:28Z
183,Clarify privacy defaults in README and link FERPA vignette,https://github.com/revgizmo/engager/issues/183,privacy;docs;readme;priority: high,privacy;documentation;priority:high;area:documentation;status:ready,"",Documentation refresh,docs,status:ready,relabel,medium,Current labels: privacy; docs; readme; priority: high | Register lane: docs | Proposed action: relabel | Proposed status: status:ready | Proposed milestone: Documentation refresh,"",2025-08-13T23:16:31Z
184,Add README to inst/extdata describing sample files,https://github.com/revgizmo/engager/issues/184,docs,documentation;priority:medium;area:documentation;status:ready,"",Documentation refresh,docs,status:ready,relabel,medium,Current labels: docs | Register lane: docs | Proposed action: relabel | Proposed status: status:ready | Proposed milestone: Documentation refresh,"",2025-08-13T22:28:35Z
185,Add Performance tips article (vignette),https://github.com/revgizmo/engager/issues/185,docs;vignettes;performance;priority: medium,documentation;performance;priority:medium;area:documentation;status:ready,"",Documentation refresh,docs,status:ready,relabel,medium,Current labels: docs; vignettes; performance; priority: medium | Register lane: docs | Proposed action: relabel | Proposed status: status:ready | Proposed milestone: Documentation refresh,"",2025-08-13T22:36:59Z
186,Add NEWS.md and wire it into pkgdown site,https://github.com/revgizmo/engager/issues/186,docs;pkgdown;priority: medium,documentation;priority:medium;area:documentation;status:ready,"",Documentation refresh,docs,status:ready,relabel,medium,Current labels: docs; pkgdown; priority: medium | Register lane: docs | Proposed action: relabel | Proposed status: status:ready | Proposed milestone: Documentation refresh,"",2025-08-13T23:16:52Z
188,Specify minimum R version in DESCRIPTION,https://github.com/revgizmo/engager/issues/188,docs;priority: high,documentation;priority:high;area:infrastructure;status:superseded-candidate,"",Backlog archive,cran,status:superseded-candidate,supersede-candidate,medium,Current labels: docs; priority: high | Register lane: cran | Proposed action: supersede-candidate | Proposed status: status:superseded-candidate | Proposed milestone: Backlog archive | Canonical reference: #557 | Human-only closure/supersession candidate pending review,#557,2025-08-13T22:36:32Z
189,Link `inst/new_analysis_template.Rmd` from README,https://github.com/revgizmo/engager/issues/189,docs;readme;priority: high,documentation;priority:high;area:documentation;status:ready,"",Documentation refresh,docs,status:ready,relabel,medium,Current labels: docs; readme; priority: high | Register lane: docs | Proposed action: relabel | Proposed status: status:ready | Proposed milestone: Documentation refresh,"",2025-08-13T22:36:34Z
193,Document dataset: section_names_lookup,https://github.com/revgizmo/engager/issues/193,docs;reference;data;priority: medium,documentation;data;priority:medium;area:documentation;status:ready,"",Documentation refresh,docs,status:ready,relabel,medium,Current labels: docs; reference; data; priority: medium | Register lane: docs | Proposed action: relabel | Proposed status: status:ready | Proposed milestone: Documentation refresh,"",2025-08-13T22:37:02Z
194,Update pkgdown reference groups for Name Matching & Privacy,https://github.com/revgizmo/engager/issues/194,privacy;docs;pkgdown;priority: medium,privacy;documentation;priority:medium;area:documentation;status:ready,"",Documentation refresh,docs,status:ready,relabel,medium,Current labels: privacy; docs; pkgdown; priority: medium | Register lane: docs | Proposed action: relabel | Proposed status: status:ready | Proposed milestone: Documentation refresh,"",2025-08-13T22:37:04Z
195,Document real-world testing scripts and workflow,https://github.com/revgizmo/engager/issues/195,docs;priority: medium,documentation;priority:medium;area:documentation;status:ready,"",Documentation refresh,docs,status:ready,relabel,medium,Current labels: docs; priority: medium | Register lane: docs | Proposed action: relabel | Proposed status: status:ready | Proposed milestone: Documentation refresh,"",2025-08-13T23:16:22Z
196,Enforce strict input validation in transcript functions,https://github.com/revgizmo/engager/issues/196,docs;reference;priority: high,documentation;priority:high;area:documentation;status:ready,"",Documentation refresh,docs,status:ready,relabel,medium,Current labels: docs; reference; priority: high | Register lane: docs | Proposed action: relabel | Proposed status: status:ready | Proposed milestone: Documentation refresh,"",2025-08-13T22:36:37Z
197,Auto-detect unsupported Zoom file types with guidance,https://github.com/revgizmo/engager/issues/197,privacy;docs;reference;priority: high,privacy;documentation;priority:high;area:documentation;status:ready,"",Documentation refresh,docs,status:ready,relabel,medium,Current labels: privacy; docs; reference; priority: high | Register lane: docs | Proposed action: relabel | Proposed status: status:ready | Proposed milestone: Documentation refresh,"",2025-08-13T22:36:39Z
198,Add a one-call orchestration helper,https://github.com/revgizmo/engager/issues/198,docs;reference;priority: high,documentation;priority:high;area:documentation;status:ready,"",Documentation refresh,docs,status:ready,relabel,medium,Current labels: docs; reference; priority: high | Register lane: docs | Proposed action: relabel | Proposed status: status:ready | Proposed milestone: Documentation refresh,"",2025-08-13T22:36:40Z
199,Documentation overhaul (v0.2),https://github.com/revgizmo/engager/issues/199,docs;tracking,documentation;tracking;priority:medium;area:documentation;status:ready,"",Documentation refresh,docs,status:ready,relabel,medium,Current labels: docs; tracking | Register lane: docs | Proposed action: relabel | Proposed status: status:ready | Proposed milestone: Documentation refresh,"",2025-08-13T23:16:11Z
200,Spin-off projects: roadmap and tracking,https://github.com/revgizmo/engager/issues/200,enhancement;priority: high,enhancement;priority:high;status:needs-triage,"",Backlog archive,archive,status:needs-triage,comment,low,Current labels: enhancement; priority: high | Register lane: archive | Proposed action: comment | Proposed status: status:needs-triage | Proposed milestone: Backlog archive,"",2025-08-13T23:12:50Z
201,"Spin-offs: Testing & QA Kits (Real-World Testing, Shell QA, Segfault/Memcheck)",https://github.com/revgizmo/engager/issues/201,enhancement;area:testing;priority: high,enhancement;area:testing;priority:high;status:ready,"",0.1.x stabilization,testing,status:ready,relabel,medium,Current labels: enhancement; area:testing; priority: high | Register lane: testing | Proposed action: relabel | Proposed status: status:ready | Proposed milestone: 0.1.x stabilization,"",2025-08-13T23:12:56Z
202,Spin-offs: Dev Workflow & Context Automation,https://github.com/revgizmo/engager/issues/202,enhancement;area:documentation;area:infrastructure;priority: high,enhancement;area:documentation;area:infrastructure;priority:high;ci;status:ready,"",0.1.x stabilization,infrastructure,status:ready,relabel,medium,Current labels: enhancement; area:documentation; area:infrastructure; priority: high | Register lane: infrastructure | Proposed action: relabel | Proposed status: status:ready | Proposed milestone: 0.1.x stabilization,"",2025-08-13T23:13:02Z
203,"Spin-offs: Privacy & Compliance Kits (Privacy Core, FERPA Toolkit)",https://github.com/revgizmo/engager/issues/203,enhancement;area:core;area:documentation;priority: medium,enhancement;area:core;area:documentation;priority:medium;privacy;status:ready,"",0.1.x stabilization,privacy,status:ready,relabel,medium,Current labels: enhancement; area:core; area:documentation; priority: medium | Register lane: privacy | Proposed action: relabel | Proposed status: status:ready | Proposed milestone: 0.1.x stabilization,"",2025-08-13T23:13:07Z
204,"Spin-offs: Data Processing Modules (VTT parser, Consolidation utils, Names, Pipeline)",https://github.com/revgizmo/engager/issues/204,enhancement;area:core;priority: medium,enhancement;area:core;priority:medium;status:ready,"",0.2.0 product,core,status:ready,relabel,medium,Current labels: enhancement; area:core; priority: medium | Register lane: core | Proposed action: relabel | Proposed status: status:ready | Proposed milestone: 0.2.0 product,"",2025-08-13T23:13:14Z
205,"Spin-offs: CI Templates for R (R CMD check, pkgdown Pages)",https://github.com/revgizmo/engager/issues/205,enhancement;area:documentation;area:infrastructure;ci;priority: medium,enhancement;area:documentation;area:infrastructure;ci;priority:medium;documentation;status:ready,"",Documentation refresh,docs,status:ready,relabel,medium,Current labels: enhancement; area:documentation; area:infrastructure; ci; priority: medium | Register lane: docs | Proposed action: relabel | Proposed status: status:ready | Proposed milestone: Documentation refresh,"",2025-08-13T23:13:26Z
206,docs: Add deprecation badges and removal timeline for legacy functions,https://github.com/revgizmo/engager/issues/206,docs,documentation;priority:medium;area:documentation;status:ready,"",Documentation refresh,docs,status:ready,relabel,medium,Current labels: docs | Register lane: docs | Proposed action: relabel | Proposed status: status:ready | Proposed milestone: Documentation refresh,"",2025-08-14T02:06:08Z
207,refactor: Curate exports and internalize non-user helpers,https://github.com/revgizmo/engager/issues/207,docs,documentation;priority:medium;area:documentation;status:ready,"",Documentation refresh,docs,status:ready,relabel,medium,Current labels: docs | Register lane: docs | Proposed action: relabel | Proposed status: status:ready | Proposed milestone: Documentation refresh,"",2025-08-14T02:06:17Z
208,docs: Add Schemas/Provenance section to docs,https://github.com/revgizmo/engager/issues/208,docs,documentation;priority:medium;area:documentation;status:ready,"",Documentation refresh,docs,status:ready,relabel,medium,Current labels: docs | Register lane: docs | Proposed action: relabel | Proposed status: status:ready | Proposed milestone: Documentation refresh,"",2025-08-14T02:06:26Z
209,ci: Tune and enforce benchmark budgets,https://github.com/revgizmo/engager/issues/209,ci,ci;priority:medium;performance;area:core;status:ready,"",0.2.0 product,performance,status:ready,relabel,medium,Current labels: ci | Register lane: performance | Proposed action: relabel | Proposed status: status:ready | Proposed milestone: 0.2.0 product,"",2025-08-14T02:06:41Z
210,test: Add edge/error-path tests for analyze_transcripts and FERPA levels,https://github.com/revgizmo/engager/issues/210,coverage,coverage;priority:medium;privacy;area:core;status:ready,"",0.1.x stabilization,privacy,status:ready,relabel,medium,Current labels: coverage | Register lane: privacy | Proposed action: relabel | Proposed status: status:ready | Proposed milestone: 0.1.x stabilization,"",2025-08-14T02:06:51Z
211,build: Add .Rbuildignore entries for top-level non-standard dirs,https://github.com/revgizmo/engager/issues/211,docs,documentation;priority:medium;area:infrastructure;status:superseded-candidate,"",Backlog archive,cran,status:superseded-candidate,supersede-candidate,medium,Current labels: docs | Register lane: cran | Proposed action: supersede-candidate | Proposed status: status:superseded-candidate | Proposed milestone: Backlog archive | Canonical reference: #557 | Human-only closure/supersession candidate pending review,#557,2025-08-18T17:43:17Z
215,test: Transition to test-driven design and ensure full functionality coverage,https://github.com/revgizmo/engager/issues/215,enhancement;CRAN:submission;area:testing;priority: high,enhancement;CRAN:submission;priority:high;area:testing;status:superseded-candidate,"",Backlog archive,testing,status:superseded-candidate,supersede-candidate,medium,Current labels: enhancement; CRAN:submission; area:testing; priority: high | Register lane: testing | Proposed action: supersede-candidate | Proposed status: status:superseded-candidate | Proposed milestone: Backlog archive | Canonical reference: #557 | Human-only closure/supersession candidate pending review,#557,2025-08-14T06:32:57Z
220,fix: Wrap diagnostic output in test environment checks for CRAN compliance,https://github.com/revgizmo/engager/issues/220,priority:high;CRAN:submission;area:testing,priority:high;CRAN:submission;area:testing;bug;area:infrastructure;status:superseded-candidate,"",Backlog archive,cran,status:superseded-candidate,supersede-candidate,medium,Current labels: priority:high; CRAN:submission; area:testing | Register lane: cran | Proposed action: supersede-candidate | Proposed status: status:superseded-candidate | Proposed milestone: Backlog archive | Canonical reference: #557 | Human-only closure/supersession candidate pending review,#557,2025-08-18T17:42:55Z
228,test: Improve test coverage for privacy_audit.R,https://github.com/revgizmo/engager/issues/228,priority:medium;CRAN:submission,priority:medium;CRAN:submission;privacy;area:testing;status:superseded-candidate,"",Backlog archive,testing,status:superseded-candidate,supersede-candidate,medium,Current labels: priority:medium; CRAN:submission | Register lane: testing | Proposed action: supersede-candidate | Proposed status: status:superseded-candidate | Proposed milestone: Backlog archive | Canonical reference: #557 | Human-only closure/supersession candidate pending review,#557,2025-08-16T02:41:48Z
229,test: Improve test coverage for safe_name_matching_workflow.R,https://github.com/revgizmo/engager/issues/229,priority:medium;CRAN:submission,priority:medium;CRAN:submission;ci;area:testing;status:superseded-candidate,"",Backlog archive,testing,status:superseded-candidate,supersede-candidate,medium,Current labels: priority:medium; CRAN:submission | Register lane: testing | Proposed action: supersede-candidate | Proposed status: status:superseded-candidate | Proposed milestone: Backlog archive | Canonical reference: #557 | Human-only closure/supersession candidate pending review,#557,2025-08-16T02:41:54Z
230,docs: Create CRAN submission preparation guide,https://github.com/revgizmo/engager/issues/230,documentation;priority:high;CRAN:submission,documentation;priority:high;CRAN:submission;area:infrastructure;status:superseded-candidate,"",Backlog archive,cran,status:superseded-candidate,supersede-candidate,medium,Current labels: documentation; priority:high; CRAN:submission | Register lane: cran | Proposed action: supersede-candidate | Proposed status: status:superseded-candidate | Proposed milestone: Backlog archive | Canonical reference: #557 | Human-only closure/supersession candidate pending review,#557,2025-08-18T17:43:37Z
240,fix: Context script coverage display discrepancy and enhancements,https://github.com/revgizmo/engager/issues/240,bug;enhancement,bug;enhancement;priority:medium;area:infrastructure;status:ready,"",0.1.x stabilization,infrastructure,status:ready,relabel,medium,Current labels: bug; enhancement | Register lane: infrastructure | Proposed action: relabel | Proposed status: status:ready | Proposed milestone: 0.1.x stabilization,"",2025-08-16T16:16:21Z
242,Epic: Comprehensive Docker Development Environment Optimization,https://github.com/revgizmo/engager/issues/242,enhancement;priority:high;area:infrastructure;epic,enhancement;priority:high;area:infrastructure;epic;status:ready,"",0.1.x stabilization,infrastructure,status:ready,relabel,medium,Current labels: enhancement; priority:high; area:infrastructure; epic | Register lane: infrastructure | Proposed action: relabel | Proposed status: status:ready | Proposed milestone: 0.1.x stabilization,"",2025-08-17T00:53:27Z
244,Phase 2: Docker Performance Optimization,https://github.com/revgizmo/engager/issues/244,enhancement;priority:high;area:infrastructure;performance,enhancement;priority:high;area:infrastructure;performance;area:core;status:ready,"",0.2.0 product,performance,status:ready,relabel,medium,Current labels: enhancement; priority:high; area:infrastructure; performance | Register lane: performance | Proposed action: relabel | Proposed status: status:ready | Proposed milestone: 0.2.0 product,"",2025-08-18T19:52:08Z
245,Phase 3: Perfect Development Experience,https://github.com/revgizmo/engager/issues/245,documentation;enhancement;priority:medium;area:infrastructure,documentation;enhancement;priority:medium;area:infrastructure;area:documentation;status:ready,"",Documentation refresh,docs,status:ready,relabel,medium,Current labels: documentation; enhancement; priority:medium; area:infrastructure | Register lane: docs | Proposed action: relabel | Proposed status: status:ready | Proposed milestone: Documentation refresh,"",2025-08-16T21:06:22Z
246,Phase 4: CI/CD Integration & Quality Assurance,https://github.com/revgizmo/engager/issues/246,enhancement;priority:medium;area:testing;area:infrastructure,enhancement;priority:medium;area:testing;area:infrastructure;ci;status:ready,"",0.1.x stabilization,testing,status:ready,relabel,medium,Current labels: enhancement; priority:medium; area:testing; area:infrastructure | Register lane: testing | Proposed action: relabel | Proposed status: status:ready | Proposed milestone: 0.1.x stabilization,"",2025-08-16T21:14:31Z
268,Docker Development Environment Isolation,https://github.com/revgizmo/engager/issues/268,"",priority:medium;enhancement;area:infrastructure;status:needs-triage,"",0.1.x stabilization,infrastructure,status:needs-triage,comment,low,No current labels | Register lane: infrastructure | Proposed action: comment | Proposed status: status:needs-triage | Proposed milestone: 0.1.x stabilization,"",2025-08-18T19:51:35Z
269,Test Background Agent Functionality Post-Docker Removal,https://github.com/revgizmo/engager/issues/269,"",priority:medium;enhancement;area:testing;status:needs-triage,"",0.1.x stabilization,testing,status:needs-triage,comment,low,No current labels | Register lane: testing | Proposed action: comment | Proposed status: status:needs-triage | Proposed milestone: 0.1.x stabilization,"",2025-08-18T19:51:47Z
273,Investigate background agent Docker error with default condition,https://github.com/revgizmo/engager/issues/273,"",priority:medium;enhancement;area:infrastructure;status:needs-triage,"",0.1.x stabilization,infrastructure,status:needs-triage,comment,low,No current labels | Register lane: infrastructure | Proposed action: comment | Proposed status: status:needs-triage | Proposed milestone: 0.1.x stabilization,"",2025-08-18T22:57:26Z
275,Tidy diagnostic output and newline warnings before PR,https://github.com/revgizmo/engager/issues/275,"",priority:medium;enhancement;area:testing;status:needs-triage,"",0.1.x stabilization,testing,status:needs-triage,comment,low,No current labels | Register lane: testing | Proposed action: comment | Proposed status: status:needs-triage | Proposed milestone: 0.1.x stabilization,"",2025-08-19T00:54:02Z
277,Tracking: Clear R CMD check NOTES and quiet diagnostics,https://github.com/revgizmo/engager/issues/277,documentation,documentation;priority:medium;area:infrastructure;status:superseded-candidate,"",Backlog archive,cran,status:superseded-candidate,supersede-candidate,medium,Current labels: documentation | Register lane: cran | Proposed action: supersede-candidate | Proposed status: status:superseded-candidate | Proposed milestone: Backlog archive | Canonical reference: #557 | Human-only closure/supersession candidate pending review,#557,2025-09-09T03:18:36Z
280,chore(scripts): add trailing newline to script files,https://github.com/revgizmo/engager/issues/280,"",priority:medium;enhancement;area:infrastructure;status:needs-triage,"",0.1.x stabilization,infrastructure,status:needs-triage,comment,low,No current labels | Register lane: infrastructure | Proposed action: comment | Proposed status: status:needs-triage | Proposed milestone: 0.1.x stabilization,"",2025-08-19T02:39:10Z
281,chore(scripts): add trailing newline to script files,https://github.com/revgizmo/engager/issues/281,"",priority:medium;enhancement;area:infrastructure;status:needs-triage,"",0.1.x stabilization,infrastructure,status:needs-triage,comment,low,No current labels | Register lane: infrastructure | Proposed action: comment | Proposed status: status:needs-triage | Proposed milestone: 0.1.x stabilization,"",2025-08-19T02:48:08Z
282,Plan: Near-term Simplification for CRAN Readiness (single-plan),https://github.com/revgizmo/engager/issues/282,documentation;priority:high;CRAN:submission,documentation;priority:high;CRAN:submission;area:infrastructure;status:superseded-candidate,"",Backlog archive,cran,status:superseded-candidate,supersede-candidate,medium,Current labels: documentation; priority:high; CRAN:submission | Register lane: cran | Proposed action: supersede-candidate | Proposed status: status:superseded-candidate | Proposed milestone: Backlog archive | Canonical reference: #557 | Human-only closure/supersession candidate pending review,#557,2025-08-19T03:44:45Z
288,ci(actions): add R CMD check matrix across OS/R,https://github.com/revgizmo/engager/issues/288,priority:medium;CRAN:submission;area:infrastructure,priority:medium;CRAN:submission;area:infrastructure;ci;status:ready,CI/QA Green,CRAN external checks,cran,status:ready,relabel,medium,Current labels: priority:medium; CRAN:submission; area:infrastructure | Register lane: cran | Proposed action: relabel | Proposed status: status:ready | Proposed milestone: CRAN external checks | Optional external validation unless required by the release owner,"",2025-08-20T01:16:01Z
291,docs(readme): rebuild README.md via devtools::build_readme(),https://github.com/revgizmo/engager/issues/291,documentation;priority:medium;area:documentation,documentation;priority:medium;area:documentation;status:ready,Documentation Complete,Documentation refresh,docs,status:ready,relabel,medium,Current labels: documentation; priority:medium; area:documentation | Register lane: docs | Proposed action: relabel | Proposed status: status:ready | Proposed milestone: Documentation refresh,"",2025-08-20T01:16:07Z
292,docs(vignettes): participation equity vignette,https://github.com/revgizmo/engager/issues/292,documentation;priority:medium;area:documentation,documentation;priority:medium;area:documentation;status:ready,Documentation Complete,Documentation refresh,docs,status:ready,relabel,medium,Current labels: documentation; priority:medium; area:documentation | Register lane: docs | Proposed action: relabel | Proposed status: status:ready | Proposed milestone: Documentation refresh,"",2025-08-20T01:16:08Z
293,test(ingestion): malformed inputs edge cases,https://github.com/revgizmo/engager/issues/293,priority:high;area:testing;test,priority:high;area:testing;enhancement;status:ready,Testing & Coverage (>90%),0.1.x stabilization,testing,status:ready,relabel,medium,Current labels: priority:high; area:testing; test | Register lane: testing | Proposed action: relabel | Proposed status: status:ready | Proposed milestone: 0.1.x stabilization,"",2025-08-20T01:16:10Z
296,ci(actions): spell/style/coverage jobs,https://github.com/revgizmo/engager/issues/296,priority:medium;area:infrastructure,priority:medium;area:infrastructure;ci;status:ready,CI/QA Green,CRAN external checks,cran,status:ready,relabel,medium,Current labels: priority:medium; area:infrastructure | Register lane: cran | Proposed action: relabel | Proposed status: status:ready | Proposed milestone: CRAN external checks | Optional external validation unless required by the release owner,"",2025-08-20T01:16:15Z
297,ci(rhub): add rhub::check() job,https://github.com/revgizmo/engager/issues/297,priority:medium;CRAN:submission;area:infrastructure,priority:medium;CRAN:submission;area:infrastructure;ci;status:ready,CRAN Preflight,CRAN external checks,cran,status:ready,relabel,medium,Current labels: priority:medium; CRAN:submission; area:infrastructure | Register lane: cran | Proposed action: relabel | Proposed status: status:ready | Proposed milestone: CRAN external checks | Optional external validation unless required by the release owner,"",2025-08-20T01:16:17Z
298,feat(privacy): name masking helper with docs,https://github.com/revgizmo/engager/issues/298,priority:high;area:core;privacy,priority:high;area:core;privacy;status:ready,Documentation Complete,0.1.x stabilization,privacy,status:ready,relabel,medium,Current labels: priority:high; area:core; privacy | Register lane: privacy | Proposed action: relabel | Proposed status: status:ready | Proposed milestone: 0.1.x stabilization,"",2025-08-20T01:16:19Z
300,chore(metadata): verify DESCRIPTION/NAMESPACE/license,https://github.com/revgizmo/engager/issues/300,documentation;priority:medium;CRAN:submission;area:documentation,documentation;priority:medium;CRAN:submission;area:documentation;area:infrastructure;status:superseded-candidate,CRAN Preflight,Backlog archive,cran,status:superseded-candidate,supersede-candidate,medium,Current labels: documentation; priority:medium; CRAN:submission; area:documentation | Register lane: cran | Proposed action: supersede-candidate | Proposed status: status:superseded-candidate | Proposed milestone: Backlog archive | Canonical reference: #557 | Human-only closure/supersession candidate pending review,#557,2025-08-20T01:16:22Z
301,"release(0.1.0): prepare NEWS.md, tag and build",https://github.com/revgizmo/engager/issues/301,documentation;priority:medium;CRAN:submission,documentation;priority:medium;CRAN:submission;area:infrastructure;status:superseded-candidate,Release 0.1.0,Backlog archive,cran,status:superseded-candidate,supersede-candidate,medium,Current labels: documentation; priority:medium; CRAN:submission | Register lane: cran | Proposed action: supersede-candidate | Proposed status: status:superseded-candidate | Proposed milestone: Backlog archive | Canonical reference: #557 | Human-only closure/supersession candidate pending review,#557,2025-08-20T01:16:24Z
302,chore(test-output): wrap diagnostic output behind TESTTHAT guard,https://github.com/revgizmo/engager/issues/302,priority:medium;area:infrastructure,priority:medium;area:infrastructure;enhancement;area:testing;status:ready,"",0.1.x stabilization,testing,status:ready,relabel,medium,Current labels: priority:medium; area:infrastructure | Register lane: testing | Proposed action: relabel | Proposed status: status:ready | Proposed milestone: 0.1.x stabilization,"",2025-08-20T02:14:08Z
309,chore(scripts): add trailing newline at EOF in 3 scripts,https://github.com/revgizmo/engager/issues/309,area:infrastructure,area:infrastructure;priority:medium;enhancement;status:ready,"",0.1.x stabilization,infrastructure,status:ready,relabel,medium,Current labels: area:infrastructure | Register lane: infrastructure | Proposed action: relabel | Proposed status: status:ready | Proposed milestone: 0.1.x stabilization,"",2025-08-20T04:16:41Z
311,chore(context): fix PROJECT.md “update required” false-positive,https://github.com/revgizmo/engager/issues/311,area:infrastructure,area:infrastructure;priority:medium;enhancement;status:ready,"",0.1.x stabilization,infrastructure,status:ready,relabel,medium,Current labels: area:infrastructure | Register lane: infrastructure | Proposed action: relabel | Proposed status: status:ready | Proposed milestone: 0.1.x stabilization,"",2025-08-20T04:16:58Z
334,"Epic: Tutorials overhaul - privacy-first, progressive learning, best-practice pattern",https://github.com/revgizmo/engager/issues/334,privacy;docs;epic;tutorial,privacy;documentation;epic;tutorial;priority:medium;area:documentation;status:ready,"",Documentation refresh,docs,status:ready,relabel,medium,Current labels: privacy; docs; epic; tutorial | Register lane: docs | Proposed action: relabel | Proposed status: status:ready | Proposed milestone: Documentation refresh,"",2025-08-22T02:13:03Z
338,refactor(error): standardize error signaling and quiet default output,https://github.com/revgizmo/engager/issues/338,priority:medium;refactor;docs;ci,priority:medium;refactor;documentation;ci;area:documentation;status:ready,"",Documentation refresh,docs,status:ready,relabel,medium,Current labels: priority:medium; refactor; docs; ci | Register lane: docs | Proposed action: relabel | Proposed status: status:ready | Proposed milestone: Documentation refresh,"",2025-08-22T18:29:22Z
339,refactor(scripts): deduplicate context/update scripts and gate PROJECT.md prompts,https://github.com/revgizmo/engager/issues/339,documentation;priority:medium;refactor,documentation;priority:medium;refactor;area:documentation;status:ready,"",Documentation refresh,docs,status:ready,relabel,medium,Current labels: documentation; priority:medium; refactor | Register lane: docs | Proposed action: relabel | Proposed status: status:ready | Proposed milestone: Documentation refresh,"",2025-08-22T18:29:49Z
340,performance: vectorized/data.table summarization in transcript metrics,https://github.com/revgizmo/engager/issues/340,enhancement;priority:medium,enhancement;priority:medium;performance;area:core;status:ready,"",0.2.0 product,performance,status:ready,relabel,medium,Current labels: enhancement; priority:medium | Register lane: performance | Proposed action: relabel | Proposed status: status:ready | Proposed milestone: 0.2.0 product,"",2025-08-22T22:16:18Z
341,refactor(privacy): unify hashing/anonymization implementation,https://github.com/revgizmo/engager/issues/341,priority:medium;refactor;privacy,priority:medium;refactor;privacy;area:core;status:ready,"",0.1.x stabilization,privacy,status:ready,relabel,medium,Current labels: priority:medium; refactor; privacy | Register lane: privacy | Proposed action: relabel | Proposed status: status:ready | Proposed milestone: 0.1.x stabilization,"",2025-08-22T18:30:06Z
342,refactor(api): trim the public API surface (soft deprecations),https://github.com/revgizmo/engager/issues/342,documentation;priority:medium;refactor,documentation;priority:medium;refactor;area:documentation;status:ready,"",Documentation refresh,docs,status:ready,relabel,medium,Current labels: documentation; priority:medium; refactor | Register lane: docs | Proposed action: relabel | Proposed status: status:ready | Proposed milestone: Documentation refresh,"",2025-08-22T18:30:17Z
343,refactor(schema): robust schema type checks via inherits,https://github.com/revgizmo/engager/issues/343,priority:medium;refactor,priority:medium;refactor;status:needs-triage,"",Backlog archive,archive,status:needs-triage,comment,low,Current labels: priority:medium; refactor | Register lane: archive | Proposed action: comment | Proposed status: status:needs-triage | Proposed milestone: Backlog archive,"",2025-08-22T18:30:37Z
344,refactor(test): reduce test output pollution at the source,https://github.com/revgizmo/engager/issues/344,priority:medium;area:testing;refactor,priority:medium;area:testing;refactor;status:ready,"",0.1.x stabilization,testing,status:ready,relabel,medium,Current labels: priority:medium; area:testing; refactor | Register lane: testing | Proposed action: relabel | Proposed status: status:ready | Proposed milestone: 0.1.x stabilization,"",2025-08-22T18:30:46Z
345,performance: minor speedups and safety tweaks,https://github.com/revgizmo/engager/issues/345,enhancement;priority:low,enhancement;priority:low;performance;area:core;status:ready,"",0.2.0 product,performance,status:ready,relabel,medium,Current labels: enhancement; priority:low | Register lane: performance | Proposed action: relabel | Proposed status: status:ready | Proposed milestone: 0.2.0 product,"",2025-08-22T18:30:54Z
348,performance(test): make performance test thresholds configurable for different environments,https://github.com/revgizmo/engager/issues/348,priority:medium;area:testing;performance,priority:medium;area:testing;performance;area:core;status:ready,"",0.2.0 product,performance,status:ready,relabel,medium,Current labels: priority:medium; area:testing; performance | Register lane: performance | Proposed action: relabel | Proposed status: status:ready | Proposed milestone: 0.2.0 product,"",2025-08-22T22:13:40Z
349,performance(benchmark): establish comprehensive performance benchmarking for optimized functions,https://github.com/revgizmo/engager/issues/349,bug;enhancement;priority:medium;performance,bug;enhancement;priority:medium;performance;area:core;status:ready,"",0.2.0 product,performance,status:ready,relabel,medium,Current labels: bug; enhancement; priority:medium; performance | Register lane: performance | Proposed action: relabel | Proposed status: status:ready | Proposed milestone: 0.2.0 product,"",2025-09-01T17:40:20Z
363,test: Add comprehensive edge case testing for VTT parsing,https://github.com/revgizmo/engager/issues/363,enhancement;priority:medium;area:testing,enhancement;priority:medium;area:testing;status:ready,"",0.1.x stabilization,testing,status:ready,relabel,medium,Current labels: enhancement; priority:medium; area:testing | Register lane: testing | Proposed action: relabel | Proposed status: status:ready | Proposed milestone: 0.1.x stabilization,"",2025-08-24T03:24:41Z
364,test: Reduce test warning noise for cleaner output,https://github.com/revgizmo/engager/issues/364,priority:low;area:testing;refactor,priority:low;area:testing;refactor;status:ready,"",0.1.x stabilization,testing,status:ready,relabel,medium,Current labels: priority:low; area:testing; refactor | Register lane: testing | Proposed action: relabel | Proposed status: status:ready | Proposed milestone: 0.1.x stabilization,"",2025-08-24T03:24:48Z
365,test: Add comprehensive VTT test fixtures for edge case testing,https://github.com/revgizmo/engager/issues/365,enhancement;priority:medium;area:testing,enhancement;priority:medium;area:testing;status:ready,"",0.1.x stabilization,testing,status:ready,relabel,medium,Current labels: enhancement; priority:medium; area:testing | Register lane: testing | Proposed action: relabel | Proposed status: status:ready | Proposed milestone: 0.1.x stabilization,"",2025-08-24T03:25:22Z
366,refactor: Standardize error handling across functions,https://github.com/revgizmo/engager/issues/366,enhancement;priority:low;refactor,enhancement;priority:low;refactor;status:needs-triage,"",Backlog archive,archive,status:needs-triage,comment,low,Current labels: enhancement; priority:low; refactor | Register lane: archive | Proposed action: comment | Proposed status: status:needs-triage | Proposed milestone: Backlog archive,"",2025-08-24T03:25:38Z
367,style: Address lint warnings and improve code consistency,https://github.com/revgizmo/engager/issues/367,enhancement;status:in-progress;refactor,enhancement;status:in-progress;refactor;priority:medium;area:testing,"",0.1.x stabilization,testing,status:in-progress,comment,medium,Current labels: enhancement; status:in-progress; refactor | Register lane: testing | Proposed action: comment | Proposed status: status:in-progress | Proposed milestone: 0.1.x stabilization,"",2025-09-03T03:16:40Z
368,refactor: Decompose large functions for better maintainability,https://github.com/revgizmo/engager/issues/368,enhancement;priority:low;refactor,enhancement;priority:low;refactor;area:core;status:ready,"",0.2.0 product,performance,status:ready,relabel,medium,Current labels: enhancement; priority:low; refactor | Register lane: performance | Proposed action: relabel | Proposed status: status:ready | Proposed milestone: 0.2.0 product,"",2025-08-24T03:26:00Z
373,enhancement: Integrate file organization prevention script into CI/CD pipeline,https://github.com/revgizmo/engager/issues/373,enhancement;priority:medium;ci,enhancement;priority:medium;ci;area:infrastructure;status:ready,"",0.1.x stabilization,infrastructure,status:ready,relabel,medium,Current labels: enhancement; priority:medium; ci | Register lane: infrastructure | Proposed action: relabel | Proposed status: status:ready | Proposed milestone: 0.1.x stabilization,"",2025-09-02T00:39:34Z
374,enhancement: Add file organization checks to pre-PR validation process,https://github.com/revgizmo/engager/issues/374,enhancement;priority:medium,enhancement;priority:medium;area:testing;status:ready,"",0.1.x stabilization,testing,status:ready,relabel,medium,Current labels: enhancement; priority:medium | Register lane: testing | Proposed action: relabel | Proposed status: status:ready | Proposed milestone: 0.1.x stabilization,"",2025-08-25T00:51:21Z
375,security: Implement file size limits for transcript processing,https://github.com/revgizmo/engager/issues/375,priority:medium;area:core,priority:medium;area:core;enhancement;area:infrastructure;status:ready,"",0.1.x stabilization,infrastructure,status:ready,relabel,medium,Current labels: priority:medium; area:core | Register lane: infrastructure | Proposed action: relabel | Proposed status: status:ready | Proposed milestone: 0.1.x stabilization,"",2025-08-25T02:27:24Z
378,performance: Implement chunked reading for large files,https://github.com/revgizmo/engager/issues/378,priority:medium;area:core;performance,priority:medium;area:core;performance;status:ready,"",0.2.0 product,performance,status:ready,relabel,medium,Current labels: priority:medium; area:core; performance | Register lane: performance | Proposed action: relabel | Proposed status: status:ready | Proposed milestone: 0.2.0 product,"",2025-08-25T02:31:38Z
379,performance: Optimize cross join operations in join_transcripts_list.R,https://github.com/revgizmo/engager/issues/379,priority:medium;area:core;performance,priority:medium;area:core;performance;status:ready,"",0.2.0 product,performance,status:ready,relabel,medium,Current labels: priority:medium; area:core; performance | Register lane: performance | Proposed action: relabel | Proposed status: status:ready | Proposed milestone: 0.2.0 product,"",2025-08-25T02:31:40Z
380,performance: Optimize memory usage for large transcript files,https://github.com/revgizmo/engager/issues/380,priority:medium;area:core;performance,priority:medium;area:core;performance;status:ready,"",0.2.0 product,performance,status:ready,relabel,medium,Current labels: priority:medium; area:core; performance | Register lane: performance | Proposed action: relabel | Proposed status: status:ready | Proposed milestone: 0.2.0 product,"",2025-08-25T02:31:55Z
381,security: Add audit logging for privacy-sensitive operations,https://github.com/revgizmo/engager/issues/381,priority:low;area:core,priority:low;area:core;privacy;status:ready,"",0.1.x stabilization,privacy,status:ready,relabel,medium,Current labels: priority:low; area:core | Register lane: privacy | Proposed action: relabel | Proposed status: status:ready | Proposed milestone: 0.1.x stabilization,"",2025-08-25T02:33:17Z
382,refactor: Consolidate type coercion logic to reduce code complexity,https://github.com/revgizmo/engager/issues/382,priority:medium;area:core;refactor,priority:medium;area:core;refactor;ci;status:ready,"",0.2.0 product,core,status:ready,relabel,medium,Current labels: priority:medium; area:core; refactor | Register lane: core | Proposed action: relabel | Proposed status: status:ready | Proposed milestone: 0.2.0 product,"",2025-08-25T03:23:15Z
394,[PRD] Basic UX Simplification,https://github.com/revgizmo/engager/issues/394,priority:high;CRAN:submission;area:core,priority:high;CRAN:submission;enhancement;area:core;status:superseded-candidate,"",Backlog archive,core,status:superseded-candidate,supersede-candidate,low,Current labels: priority:high; CRAN:submission; area:core | Register lane: core | Proposed action: supersede-candidate | Proposed status: status:superseded-candidate | Proposed milestone: Backlog archive | Canonical reference: #557 | Human-only closure/supersession candidate pending review,#557,2025-09-05T14:23:04Z
395,[PRD] Post-CRAN Implementation Coordination,https://github.com/revgizmo/engager/issues/395,priority:medium;area:core,priority:medium;enhancement;area:core;status:ready,"",0.2.0 product,core,status:ready,relabel,medium,Current labels: priority:medium; area:core | Register lane: core | Proposed action: relabel | Proposed status: status:ready | Proposed milestone: 0.2.0 product | Post-CRAN follow-up; not an active pre-submission blocker,"",2025-08-26T01:35:00Z
397,Review Success Metrics Implementation Post-CRAN,https://github.com/revgizmo/engager/issues/397,documentation;refactor;CRAN:review,documentation;refactor;CRAN:review;priority:medium;area:documentation;status:ready,"",0.1.x stabilization,docs,status:ready,relabel,medium,Current labels: documentation; refactor; CRAN:review | Register lane: docs | Proposed action: relabel | Proposed status: status:ready | Proposed milestone: 0.1.x stabilization | Post-CRAN follow-up; not an active pre-submission blocker,"",2025-08-26T19:54:56Z
401,docs: Add required columns documentation to function documentation,https://github.com/revgizmo/engager/issues/401,documentation;priority:medium;area:documentation,documentation;priority:medium;area:documentation;status:ready,"",Documentation refresh,docs,status:ready,relabel,medium,Current labels: documentation; priority:medium; area:documentation | Register lane: docs | Proposed action: relabel | Proposed status: status:ready | Proposed milestone: Documentation refresh,"",2025-08-27T03:53:39Z
402,test: Expand edge case testing for column validation functions,https://github.com/revgizmo/engager/issues/402,priority:medium;area:testing;test,priority:medium;area:testing;enhancement;status:ready,"",0.1.x stabilization,testing,status:ready,relabel,medium,Current labels: priority:medium; area:testing; test | Register lane: testing | Proposed action: relabel | Proposed status: status:ready | Proposed milestone: 0.1.x stabilization,"",2025-08-27T03:53:44Z
403,enhancement: Apply metric existence guard pattern to other column-accessing functions,https://github.com/revgizmo/engager/issues/403,enhancement;priority:medium;area:core;refactor,enhancement;priority:medium;area:core;refactor;status:ready,"",0.2.0 product,core,status:ready,relabel,medium,Current labels: enhancement; priority:medium; area:core; refactor | Register lane: core | Proposed action: relabel | Proposed status: status:ready | Proposed milestone: 0.2.0 product,"",2025-08-27T03:56:42Z
427,feat: Add visualization functions for ideal course transcripts,https://github.com/revgizmo/engager/issues/427,enhancement,enhancement;priority:medium;area:infrastructure;status:ready,"",0.1.x stabilization,infrastructure,status:ready,relabel,medium,Current labels: enhancement | Register lane: infrastructure | Proposed action: relabel | Proposed status: status:ready | Proposed milestone: 0.1.x stabilization,"",2025-08-30T02:27:19Z
428,feat: Add configuration system for ideal course transcripts,https://github.com/revgizmo/engager/issues/428,enhancement,enhancement;priority:medium;area:infrastructure;status:ready,"",0.1.x stabilization,infrastructure,status:ready,relabel,medium,Current labels: enhancement | Register lane: infrastructure | Proposed action: relabel | Proposed status: status:ready | Proposed milestone: 0.1.x stabilization,"",2025-08-30T02:27:29Z
429,meta: Followup work for ideal course transcripts implementation,https://github.com/revgizmo/engager/issues/429,enhancement,enhancement;priority:medium;area:infrastructure;status:ready,"",0.1.x stabilization,infrastructure,status:ready,relabel,medium,Current labels: enhancement | Register lane: infrastructure | Proposed action: relabel | Proposed status: status:ready | Proposed milestone: 0.1.x stabilization,"",2025-08-30T02:27:52Z
437,Enhanced Privacy Framework,https://github.com/revgizmo/engager/issues/437,enhancement;privacy,enhancement;privacy;priority:medium;area:core;status:ready,"",0.1.x stabilization,privacy,status:ready,relabel,medium,Current labels: enhancement; privacy | Register lane: privacy | Proposed action: relabel | Proposed status: status:ready | Proposed milestone: 0.1.x stabilization,"",2025-08-30T22:27:57Z
438,Enhanced File Write Error Handling,https://github.com/revgizmo/engager/issues/438,enhancement,enhancement;priority:medium;status:needs-triage,"",Backlog archive,archive,status:needs-triage,comment,low,Current labels: enhancement | Register lane: archive | Proposed action: comment | Proposed status: status:needs-triage | Proposed milestone: Backlog archive,"",2025-08-30T22:28:10Z
439,Performance Optimization for Large Datasets,https://github.com/revgizmo/engager/issues/439,enhancement;performance,enhancement;performance;priority:medium;area:core;status:ready,"",0.2.0 product,performance,status:ready,relabel,medium,Current labels: enhancement; performance | Register lane: performance | Proposed action: relabel | Proposed status: status:ready | Proposed milestone: 0.2.0 product,"",2025-08-30T22:28:17Z
440,Enhanced Excel Chart Functionality,https://github.com/revgizmo/engager/issues/440,enhancement,enhancement;priority:medium;status:needs-triage,"",Backlog archive,archive,status:needs-triage,comment,low,Current labels: enhancement | Register lane: archive | Proposed action: comment | Proposed status: status:needs-triage | Proposed milestone: Backlog archive,"",2025-08-30T22:28:27Z
441,Batch Export Capabilities,https://github.com/revgizmo/engager/issues/441,enhancement,enhancement;priority:medium;area:core;status:ready,"",0.2.0 product,core,status:ready,relabel,medium,Current labels: enhancement | Register lane: core | Proposed action: relabel | Proposed status: status:ready | Proposed milestone: 0.2.0 product,"",2025-08-30T22:28:34Z
453,enhancement: Investigate alternative Excel export libraries to replace openxlsx,https://github.com/revgizmo/engager/issues/453,enhancement,enhancement;priority:medium;area:core;status:ready,"",0.2.0 product,core,status:ready,relabel,medium,Current labels: enhancement | Register lane: core | Proposed action: relabel | Proposed status: status:ready | Proposed milestone: 0.2.0 product,"",2025-09-01T03:46:27Z
469,Final Scope Reduction Optimization - Complete Issue #393 Phase 2,https://github.com/revgizmo/engager/issues/469,priority:medium;CRAN:submission;area:core,priority:medium;CRAN:submission;area:core;enhancement;area:infrastructure;status:superseded-candidate,"",Backlog archive,cran,status:superseded-candidate,supersede-candidate,medium,Current labels: priority:medium; CRAN:submission; area:core | Register lane: cran | Proposed action: supersede-candidate | Proposed status: status:superseded-candidate | Proposed milestone: Backlog archive | Canonical reference: #557 | Human-only closure/supersession candidate pending review,#557,2025-09-06T16:19:30Z
471,Performance Benchmarking Implementation - CRAN Readiness Metrics,https://github.com/revgizmo/engager/issues/471,priority:medium;CRAN:submission;area:infrastructure,priority:medium;CRAN:submission;area:infrastructure;performance;status:superseded-candidate,"",Backlog archive,cran,status:superseded-candidate,supersede-candidate,medium,Current labels: priority:medium; CRAN:submission; area:infrastructure | Register lane: cran | Proposed action: supersede-candidate | Proposed status: status:superseded-candidate | Proposed milestone: Backlog archive | Canonical reference: #557 | Human-only closure/supersession candidate pending review,#557,2025-09-06T15:38:01Z
